[{"slug": "classical", "name": "Classical", "count": 20052}, {"slug": "pop", "name": "Pop", "count": 9258}, {"slug": "folk-world-country", "name": "Folk, World, & Country", "count": 6641}, {"slug": "jazz", "name": "Jazz", "count": 12088}, {"slug": "electronic", "name": "Electronic", "count": 2366}, {"slug": "stage-screen", "name": "Stage & Screen", "count": 4741}, {"slug": "latin", "name": "Latin", "count": 1014}, {"slug": "rock", "name": "Rock", "count": 7235}, {"slug": "blues", "name": "Blues", "count": 1073}, {"slug": "reggae", "name": "Reggae", "count": 122}, {"slug": "funk-soul", "name": "Funk / Soul", "count": 2363}, {"slug": "non-music", "name": "Non-Music", "count": 980}, {"slug": "children-s", "name": "Children's", "count": 469}, {"slug": "brass-military", "name": "Brass & Military", "count": 390}, {"slug": "hip-hop", "name": "Hip Hop", "count": 424}]